"Both sexes","0 - 14 years","Ireland - county of usual residence",731189,761950
"Both sexes","0 - 14 years","Ireland - county other than county of usual residence",148981,165421
"Both sexes","0 - 14 years","Northern Ireland",7808,7105
"Both sexes","0 - 14 years","England and Wales",22045,12772
"Both sexes","0 - 14 years","Scotland",1250,820
"Both sexes","0 - 14 years","Austria",91,117
"Both sexes","0 - 14 years","Belgium",257,225
"Both sexes","0 - 14 years","Bulgaria",131,257
"Both sexes","0 - 14 years","Croatia",89,576
"Both sexes","0 - 14 years","Cyprus",37,48
"Both sexes","0 - 14 years","Czech Republic",470,381
"Both sexes","0 - 14 years","Denmark",81,70
"Both sexes","0 - 14 years","Estonia",224,153
"Both sexes","0 - 14 years","Finland",60,81
"Both sexes","0 - 14 years","France",871,908
"Both sexes","0 - 14 years","Germany",1247,811
"Both sexes","0 - 14 years","Greece",49,156
"Both sexes","0 - 14 years","Hungary",705,870
"Both sexes","0 - 14 years","Italy",499,863
"Both sexes","0 - 14 years","Latvia",2643,2018
"Both sexes","0 - 14 years","Lithuania",4611,3144
"Both sexes","0 - 14 years","Luxembourg",46,52
"Both sexes","0 - 14 years","Malta",34,46
"Both sexes","0 - 14 years","Netherlands",565,436
"Both sexes","0 - 14 years","Poland",14172,11218
"Both sexes","0 - 14 years","Portugal",307,463
"Both sexes","0 - 14 years","Romania",1755,2256
"Both sexes","0 - 14 years","Slovakia",869,684
"Both sexes","0 - 14 years","Slovenia",13,20
"Both sexes","0 - 14 years","Spain",800,1456
"Both sexes","0 - 14 years","Sweden",135,125
"Both sexes","0 - 14 years","Albania",100,69
"Both sexes","0 - 14 years","Belarus",175,86
"Both sexes","0 - 14 years","Bosnia and Herzegovina",46,17
"Both sexes","0 - 14 years","Kosovo",79,29
"Both sexes","0 - 14 years","Moldova, Republic of",320,580
"Both sexes","0 - 14 years","Norway",66,48
"Both sexes","0 - 14 years","Russian Federation",1640,1352
"Both sexes","0 - 14 years","Serbia",88,68
"Both sexes","0 - 14 years","Switzerland",147,162
"Both sexes","0 - 14 years","Turkey",98,99
"Both sexes","0 - 14 years","Ukraine",401,331
"Both sexes","0 - 14 years","Other Europe",46,39
"Both sexes","0 - 14 years","Algeria",61,38
"Both sexes","0 - 14 years","Angola",151,31
"Both sexes","0 - 14 years","Botswana",20,26
"Both sexes","0 - 14 years","Cameroon",111,43
"Both sexes","0 - 14 years","Congo",385,161
"Both sexes","0 - 14 years","Egypt",177,241
"Both sexes","0 - 14 years","Ethiopia",256,334
"Both sexes","0 - 14 years","Ghana",184,74
"Both sexes","0 - 14 years","Cote d'Ivoire",53,10
"Both sexes","0 - 14 years","Kenya",94,60
"Both sexes","0 - 14 years","Liberia",16,10
"Both sexes","0 - 14 years","Libya",98,153
"Both sexes","0 - 14 years","Malawi",20,63
"Both sexes","0 - 14 years","Mauritius",172,125
"Both sexes","0 - 14 years","Morocco",39,34
"Both sexes","0 - 14 years","Nigeria",3248,1000
"Both sexes","0 - 14 years","Sierra Leone",26,7
"Both sexes","0 - 14 years","Somalia",188,117
"Both sexes","0 - 14 years","South Africa",970,663
"Both sexes","0 - 14 years","Sudan",191,173
"Both sexes","0 - 14 years","Tanzania, United Republic of",32,55
"Both sexes","0 - 14 years","Togo",43,25
"Both sexes","0 - 14 years","Tunisia",5,8
"Both sexes","0 - 14 years","Uganda",69,57
"Both sexes","0 - 14 years","Zambia",25,15
"Both sexes","0 - 14 years","Zimbabwe",350,153
"Both sexes","0 - 14 years","Other Africa",218,138
"Both sexes","0 - 14 years","Afghanistan",44,394
"Both sexes","0 - 14 years","Bahrain",58,51
"Both sexes","0 - 14 years","Bangladesh",254,199
"Both sexes","0 - 14 years","Myanmar",12,5
"Both sexes","0 - 14 years","China",604,602
"Both sexes","0 - 14 years","United Arab Emirates",196,256
"Both sexes","0 - 14 years","Georgia",47,35
"Both sexes","0 - 14 years","Hong Kong",81,95
"Both sexes","0 - 14 years","India",2969,2979
"Both sexes","0 - 14 years","Indonesia",29,44
"Both sexes","0 - 14 years","Iran, Islamic Republic of",40,47
"Both sexes","0 - 14 years","Iraq",280,204
"Both sexes","0 - 14 years","Israel",113,242
"Both sexes","0 - 14 years","Japan",143,158
"Both sexes","0 - 14 years","Jordan",67,68
"Both sexes","0 - 14 years","Kazakhstan",166,95
"Both sexes","0 - 14 years","Kuwait",82,78
"Both sexes","0 - 14 years","Lao People's Democratic Republic",18,104
"Both sexes","0 - 14 years","Lebanon",20,19
"Both sexes","0 - 14 years","Malaysia",242,170
"Both sexes","0 - 14 years","Mongolia",40,24
"Both sexes","0 - 14 years","Nepal",62,42
"Both sexes","0 - 14 years","Oman",89,98
"Both sexes","0 - 14 years","Pakistan",1026,1184
"Both sexes","0 - 14 years","Philippines",2219,1119
"Both sexes","0 - 14 years","Saudi Arabia",705,628
"Both sexes","0 - 14 years","Singapore",81,98
"Both sexes","0 - 14 years","Korea, Republic of",36,74
"Both sexes","0 - 14 years","Sri Lanka",66,56
"Both sexes","0 - 14 years","Syrian Arab Republic",36,221
"Both sexes","0 - 14 years","Taiwan, Province of China",34,47
"Both sexes","0 - 14 years","Thailand",400,428
"Both sexes","0 - 14 years","Uzbekistan",15,7
"Both sexes","0 - 14 years","Vietnam",773,794
"Both sexes","0 - 14 years","Other Asia",125,112
"Both sexes","0 - 14 years","United States",6969,5150
"Both sexes","0 - 14 years","Argentina",40,76
"Both sexes","0 - 14 years","Brazil",690,622
"Both sexes","0 - 14 years","Canada",417,480
"Both sexes","0 - 14 years","Chile",25,29
"Both sexes","0 - 14 years","Colombia",36,27
"Both sexes","0 - 14 years","Cuba",12,8
"Both sexes","0 - 14 years","Guatemala",181,100
"Both sexes","0 - 14 years","Jamaica",15,13
"Both sexes","0 - 14 years","Mexico",204,237
"Both sexes","0 - 14 years","Peru",31,25
"Both sexes","0 - 14 years","Trinidad and Tobago",14,14
"Both sexes","0 - 14 years","Venezuela",32,51
"Both sexes","0 - 14 years","Other America",182,226
"Both sexes","0 - 14 years","Australia",1215,1969
"Both sexes","0 - 14 years","New Zealand",299,306
"Both sexes","15 - 24 years","Ireland - county of usual residence",367727,353306
"Both sexes","15 - 24 years","Ireland - county other than county of usual residence",93369,103362
"Both sexes","15 - 24 years","Northern Ireland",4840,4656
"Both sexes","15 - 24 years","England and Wales",30250,25444
"Both sexes","15 - 24 years","Scotland",1383,1256
"Both sexes","15 - 24 years","Austria",96,108
"Both sexes","15 - 24 years","Belgium",237,321
"Both sexes","15 - 24 years","Bulgaria",211,310
"Both sexes","15 - 24 years","Croatia",124,779
"Both sexes","15 - 24 years","Cyprus",30,52
"Both sexes","15 - 24 years","Czech Republic",724,585
"Both sexes","15 - 24 years","Denmark",148,110
"Both sexes","15 - 24 years","Estonia",377,234
"Both sexes","15 - 24 years","Finland",113,104
"Both sexes","15 - 24 years","France",1886,2378
"Both sexes","15 - 24 years","Germany",1765,1763
"Both sexes","15 - 24 years","Greece",82,105
"Both sexes","15 - 24 years","Hungary",741,893
"Both sexes","15 - 24 years","Italy",594,1125
"Both sexes","15 - 24 years","Latvia",3450,2388
"Both sexes","15 - 24 years","Lithuania",5658,4441
"Both sexes","15 - 24 years","Luxembourg",49,61
"Both sexes","15 - 24 years","Malta",23,31
"Both sexes","15 - 24 years","Netherlands",606,650
"Both sexes","15 - 24 years","Poland",12416,11387
"Both sexes","15 - 24 years","Portugal",227,440
"Both sexes","15 - 24 years","Romania",3379,3861
"Both sexes","15 - 24 years","Slovakia",1457,949
"Both sexes","15 - 24 years","Slovenia",22,34
"Both sexes","15 - 24 years","Spain",801,1629
"Both sexes","15 - 24 years","Sweden",336,212
"Both sexes","15 - 24 years","Albania",118,198
"Both sexes","15 - 24 years","Belarus",121,181
"Both sexes","15 - 24 years","Bosnia and Herzegovina",204,129
"Both sexes","15 - 24 years","Kosovo",133,142
"Both sexes","15 - 24 years","Moldova, Republic of",486,855
"Both sexes","15 - 24 years","Norway",127,102
"Both sexes","15 - 24 years","Russian Federation",580,831
"Both sexes","15 - 24 years","Serbia",58,138
"Both sexes","15 - 24 years","Switzerland",169,181
"Both sexes","15 - 24 years","Turkey",106,140
"Both sexes","15 - 24 years","Ukraine",399,489
"Both sexes","15 - 24 years","Other Europe",55,69
"Both sexes","15 - 24 years","Algeria",78,89
"Both sexes","15 - 24 years","Angola",224,193
"Both sexes","15 - 24 years","Botswana",60,45
"Both sexes","15 - 24 years","Cameroon",156,181
"Both sexes","15 - 24 years","Congo",628,599
"Both sexes","15 - 24 years","Egypt",187,218
"Both sexes","15 - 24 years","Ethiopia",61,56
"Both sexes","15 - 24 years","Ghana",159,146
"Both sexes","15 - 24 years","Cote d'Ivoire",50,64
"Both sexes","15 - 24 years","Kenya",150,146
"Both sexes","15 - 24 years","Liberia",50,26
"Both sexes","15 - 24 years","Libya",112,135
"Both sexes","15 - 24 years","Malawi",60,164
"Both sexes","15 - 24 years","Mauritius",598,193
"Both sexes","15 - 24 years","Morocco",48,70
"Both sexes","15 - 24 years","Nigeria",2712,3091
"Both sexes","15 - 24 years","Sierra Leone",48,32
"Both sexes","15 - 24 years","Somalia",436,368
"Both sexes","15 - 24 years","South Africa",1327,1316
"Both sexes","15 - 24 years","Sudan",124,115
"Both sexes","15 - 24 years","Tanzania, United Republic of",41,35
"Both sexes","15 - 24 years","Togo",48,60
"Both sexes","15 - 24 years","Tunisia",17,11
"Both sexes","15 - 24 years","Uganda",82,76
"Both sexes","15 - 24 years","Zambia",53,33
"Both sexes","15 - 24 years","Zimbabwe",435,491
"Both sexes","15 - 24 years","Other Africa",306,281
"Both sexes","15 - 24 years","Afghanistan",141,411
"Both sexes","15 - 24 years","Bahrain",65,72
"Both sexes","15 - 24 years","Bangladesh",351,400
"Both sexes","15 - 24 years","Myanmar",50,22
"Both sexes","15 - 24 years","China",2304,1929
"Both sexes","15 - 24 years","United Arab Emirates",179,243
"Both sexes","15 - 24 years","Georgia",101,92
"Both sexes","15 - 24 years","Hong Kong",251,201
"Both sexes","15 - 24 years","India",1096,1659
"Both sexes","15 - 24 years","Indonesia",22,36
"Both sexes","15 - 24 years","Iran, Islamic Republic of",94,72
"Both sexes","15 - 24 years","Iraq",352,351
"Both sexes","15 - 24 years","Israel",68,86
"Both sexes","15 - 24 years","Japan",142,176
"Both sexes","15 - 24 years","Jordan",55,77
"Both sexes","15 - 24 years","Kazakhstan",104,107
"Both sexes","15 - 24 years","Kuwait",259,367
"Both sexes","15 - 24 years","Lao People's Democratic Republic",7,42
"Both sexes","15 - 24 years","Lebanon",39,37
"Both sexes","15 - 24 years","Malaysia",837,1388
"Both sexes","15 - 24 years","Mongolia",47,45
"Both sexes","15 - 24 years","Nepal",161,259
"Both sexes","15 - 24 years","Oman",46,264
"Both sexes","15 - 24 years","Pakistan",1135,1588
"Both sexes","15 - 24 years","Philippines",1251,2557
"Both sexes","15 - 24 years","Saudi Arabia",763,923
"Both sexes","15 - 24 years","Singapore",91,189
"Both sexes","15 - 24 years","Korea, Republic of",160,317
"Both sexes","15 - 24 years","Sri Lanka",32,55
"Both sexes","15 - 24 years","Syrian Arab Republic",29,124
"Both sexes","15 - 24 years","Taiwan, Province of China",28,71
"Both sexes","15 - 24 years","Thailand",182,348
"Both sexes","15 - 24 years","Uzbekistan",42,36
"Both sexes","15 - 24 years","Vietnam",103,163
"Both sexes","15 - 24 years","Other Asia",256,148
"Both sexes","15 - 24 years","United States",5397,6482
"Both sexes","15 - 24 years","Argentina",64,84
"Both sexes","15 - 24 years","Brazil",2232,3065
"Both sexes","15 - 24 years","Canada",888,868
"Both sexes","15 - 24 years","Chile",31,44
"Both sexes","15 - 24 years","Colombia",29,72
"Both sexes","15 - 24 years","Cuba",24,20
"Both sexes","15 - 24 years","Guatemala",45,132
"Both sexes","15 - 24 years","Jamaica",23,19
"Both sexes","15 - 24 years","Mexico",160,220
"Both sexes","15 - 24 years","Peru",31,25
"Both sexes","15 - 24 years","Trinidad and Tobago",37,66
"Both sexes","15 - 24 years","Venezuela",81,203
"Both sexes","15 - 24 years","Other America",193,247
"Both sexes","15 - 24 years","Australia",1265,1012
"Both sexes","15 - 24 years","New Zealand",176,172
"Both sexes","25 - 44 years","Ireland - county of usual residence",736424,707020
"Both sexes","25 - 44 years","Ireland - county other than county of usual residence",311594,298769
"Both sexes","25 - 44 years","Northern Ireland",19972,16610
"Both sexes","25 - 44 years","England and Wales",74531,54266
"Both sexes","25 - 44 years","Scotland",6667,4518
"Both sexes","25 - 44 years","Austria",343,382
"Both sexes","25 - 44 years","Belgium",621,689
"Both sexes","25 - 44 years","Bulgaria",1136,1724
"Both sexes","25 - 44 years","Croatia",619,3399
"Both sexes","25 - 44 years","Cyprus",94,91
"Both sexes","25 - 44 years","Czech Republic",3711,3216
"Both sexes","25 - 44 years","Denmark",442,419
"Both sexes","25 - 44 years","Estonia",1563,1359
"Both sexes","25 - 44 years","Finland",553,542
"Both sexes","25 - 44 years","France",6009,6529
"Both sexes","25 - 44 years","Germany",6070,5552
"Both sexes","25 - 44 years","Greece",353,643
"Both sexes","25 - 44 years","Hungary",5338,5823
"Both sexes","25 - 44 years","Italy",4849,7070
"Both sexes","25 - 44 years","Latvia",11130,10957
"Both sexes","25 - 44 years","Lithuania",20381,19854
"Both sexes","25 - 44 years","Luxembourg",35,48
"Both sexes","25 - 44 years","Malta",122,101
"Both sexes","25 - 44 years","Netherlands",1667,1686
"Both sexes","25 - 44 years","Poland",79125,78411
"Both sexes","25 - 44 years","Portugal",1416,2421
"Both sexes","25 - 44 years","Romania",11191,18238
"Both sexes","25 - 44 years","Slovakia",7450,6582
"Both sexes","25 - 44 years","Slovenia",123,194
"Both sexes","25 - 44 years","Spain",4794,7409
"Both sexes","25 - 44 years","Sweden",943,889
"Both sexes","25 - 44 years","Albania",514,633
"Both sexes","25 - 44 years","Belarus",819,810
"Both sexes","25 - 44 years","Bosnia and Herzegovina",537,754
"Both sexes","25 - 44 years","Kosovo",430,431
"Both sexes","25 - 44 years","Moldova, Republic of",2221,4121
"Both sexes","25 - 44 years","Norway",249,238
"Both sexes","25 - 44 years","Russian Federation",2608,2700
"Both sexes","25 - 44 years","Serbia",286,405
"Both sexes","25 - 44 years","Switzerland",431,449
"Both sexes","25 - 44 years","Turkey",947,1116
"Both sexes","25 - 44 years","Ukraine",2664,2689
"Both sexes","25 - 44 years","Other Europe",243,252
"Both sexes","25 - 44 years","Algeria",951,791
"Both sexes","25 - 44 years","Angola",606,452
"Both sexes","25 - 44 years","Botswana",173,176
"Both sexes","25 - 44 years","Cameroon",669,584
"Both sexes","25 - 44 years","Congo",1472,1217
"Both sexes","25 - 44 years","Egypt",741,948
"Both sexes","25 - 44 years","Ethiopia",218,251
"Both sexes","25 - 44 years","Ghana",811,566
"Both sexes","25 - 44 years","Cote d'Ivoire",218,170
"Both sexes","25 - 44 years","Kenya",511,496
"Both sexes","25 - 44 years","Liberia",176,136
"Both sexes","25 - 44 years","Libya",366,381
"Both sexes","25 - 44 years","Malawi",185,528
"Both sexes","25 - 44 years","Mauritius",1908,1472
"Both sexes","25 - 44 years","Morocco",512,549
"Both sexes","25 - 44 years","Nigeria",11295,7464
"Both sexes","25 - 44 years","Sierra Leone",294,189
"Both sexes","25 - 44 years","Somalia",700,729
"Both sexes","25 - 44 years","South Africa",3974,3617
"Both sexes","25 - 44 years","Sudan",1012,929
"Both sexes","25 - 44 years","Tanzania, United Republic of",112,104
"Both sexes","25 - 44 years","Togo",211,154
"Both sexes","25 - 44 years","Tunisia",198,232
"Both sexes","25 - 44 years","Uganda",213,206
"Both sexes","25 - 44 years","Zambia",405,306
"Both sexes","25 - 44 years","Zimbabwe",1412,1331
"Both sexes","25 - 44 years","Other Africa",1066,1044
"Both sexes","25 - 44 years","Afghanistan",323,765
"Both sexes","25 - 44 years","Bahrain",57,76
"Both sexes","25 - 44 years","Bangladesh",2109,2265
"Both sexes","25 - 44 years","Myanmar",135,119
"Both sexes","25 - 44 years","China",7763,7504
"Both sexes","25 - 44 years","United Arab Emirates",123,184
"Both sexes","25 - 44 years","Georgia",393,369
"Both sexes","25 - 44 years","Hong Kong",565,455
"Both sexes","25 - 44 years","India",11918,13503
"Both sexes","25 - 44 years","Indonesia",175,181
"Both sexes","25 - 44 years","Iran, Islamic Republic of",565,572
"Both sexes","25 - 44 years","Iraq",727,784
"Both sexes","25 - 44 years","Israel",216,357
"Both sexes","25 - 44 years","Japan",519,596
"Both sexes","25 - 44 years","Jordan",156,141
"Both sexes","25 - 44 years","Kazakhstan",220,249
"Both sexes","25 - 44 years","Kuwait",195,217
"Both sexes","25 - 44 years","Lao People's Democratic Republic",18,65
"Both sexes","25 - 44 years","Lebanon",170,197
"Both sexes","25 - 44 years","Malaysia",2094,1566
"Both sexes","25 - 44 years","Mongolia",488,254
"Both sexes","25 - 44 years","Nepal",298,411
"Both sexes","25 - 44 years","Oman",32,82
"Both sexes","25 - 44 years","Pakistan",5003,7866
"Both sexes","25 - 44 years","Philippines",7790,6071
"Both sexes","25 - 44 years","Saudi Arabia",505,1132
"Both sexes","25 - 44 years","Singapore",153,129
"Both sexes","25 - 44 years","Korea, Republic of",320,637
"Both sexes","25 - 44 years","Sri Lanka",371,387
"Both sexes","25 - 44 years","Syrian Arab Republic",180,380
"Both sexes","25 - 44 years","Taiwan, Province of China",85,222
"Both sexes","25 - 44 years","Thailand",1057,1107
"Both sexes","25 - 44 years","Uzbekistan",131,130
"Both sexes","25 - 44 years","Vietnam",570,614
"Both sexes","25 - 44 years","Other Asia",720,524
"Both sexes","25 - 44 years","United States",7518,7229
"Both sexes","25 - 44 years","Argentina",539,861
"Both sexes","25 - 44 years","Brazil",5781,11018
"Both sexes","25 - 44 years","Canada",2311,2279
"Both sexes","25 - 44 years","Chile",171,215
"Both sexes","25 - 44 years","Colombia",205,336
"Both sexes","25 - 44 years","Cuba",110,107
"Both sexes","25 - 44 years","Guatemala",31,45
"Both sexes","25 - 44 years","Jamaica",119,100
"Both sexes","25 - 44 years","Mexico",449,871
"Both sexes","25 - 44 years","Peru",207,250
"Both sexes","25 - 44 years","Trinidad and Tobago",84,93
"Both sexes","25 - 44 years","Venezuela",324,1390
"Both sexes","25 - 44 years","Other America",600,806
"Both sexes","25 - 44 years","Australia",2544,2445
"Both sexes","25 - 44 years","New Zealand",1105,879
"Both sexes","45 - 64 years","Ireland - county of usual residence",632325,654517
"Both sexes","45 - 64 years","Ireland - county other than county of usual residence",244514,257384
"Both sexes","45 - 64 years","Northern Ireland",17235,18421
"Both sexes","45 - 64 years","England and Wales",68116,87414
"Both sexes","45 - 64 years","Scotland",6230,7259
"Both sexes","45 - 64 years","Austria",126,163
"Both sexes","45 - 64 years","Belgium",274,333
"Both sexes","45 - 64 years","Bulgaria",291,576
"Both sexes","45 - 64 years","Croatia",137,414
"Both sexes","45 - 64 years","Cyprus",82,112
"Both sexes","45 - 64 years","Czech Republic",532,684
"Both sexes","45 - 64 years","Denmark",158,204
"Both sexes","45 - 64 years","Estonia",303,380
"Both sexes","45 - 64 years","Finland",126,159
"Both sexes","45 - 64 years","France",1131,1805
"Both sexes","45 - 64 years","Germany",2881,3551
"Both sexes","45 - 64 years","Greece",76,157
"Both sexes","45 - 64 years","Hungary",577,992
"Both sexes","45 - 64 years","Italy",920,1496
"Both sexes","45 - 64 years","Latvia",2669,3405
"Both sexes","45 - 64 years","Lithuania",4075,5641
"Both sexes","45 - 64 years","Luxembourg",8,10
"Both sexes","45 - 64 years","Malta",123,134
"Both sexes","45 - 64 years","Netherlands",1255,1396
"Both sexes","45 - 64 years","Poland",9218,13488
"Both sexes","45 - 64 years","Portugal",264,497
"Both sexes","45 - 64 years","Romania",1580,4105
"Both sexes","45 - 64 years","Slovakia",884,1175
"Both sexes","45 - 64 years","Slovenia",28,30
"Both sexes","45 - 64 years","Spain",492,1158
"Both sexes","45 - 64 years","Sweden",221,260
"Both sexes","45 - 64 years","Albania",77,165
"Both sexes","45 - 64 years","Belarus",167,258
"Both sexes","45 - 64 years","Bosnia and Herzegovina",342,417
"Both sexes","45 - 64 years","Kosovo",100,158
"Both sexes","45 - 64 years","Moldova, Republic of",387,879
"Both sexes","45 - 64 years","Norway",74,79
"Both sexes","45 - 64 years","Russian Federation",1042,1397
"Both sexes","45 - 64 years","Serbia",65,122
"Both sexes","45 - 64 years","Switzerland",265,314
"Both sexes","45 - 64 years","Turkey",138,232
"Both sexes","45 - 64 years","Ukraine",634,1064
"Both sexes","45 - 64 years","Other Europe",83,126
"Both sexes","45 - 64 years","Algeria",271,482
"Both sexes","45 - 64 years","Angola",105,230
"Both sexes","45 - 64 years","Botswana",10,29
"Both sexes","45 - 64 years","Cameroon",43,145
"Both sexes","45 - 64 years","Congo",368,714
"Both sexes","45 - 64 years","Egypt",288,377
"Both sexes","45 - 64 years","Ethiopia",27,67
"Both sexes","45 - 64 years","Ghana",194,294
"Both sexes","45 - 64 years","Cote d'Ivoire",22,61
"Both sexes","45 - 64 years","Kenya",221,284
"Both sexes","45 - 64 years","Liberia",30,52
"Both sexes","45 - 64 years","Libya",194,280
"Both sexes","45 - 64 years","Malawi",43,80
"Both sexes","45 - 64 years","Mauritius",218,283
"Both sexes","45 - 64 years","Morocco",123,213
"Both sexes","45 - 64 years","Nigeria",2468,4912
"Both sexes","45 - 64 years","Sierra Leone",64,108
"Both sexes","45 - 64 years","Somalia",145,242
"Both sexes","45 - 64 years","South Africa",1518,1993
"Both sexes","45 - 64 years","Sudan",251,341
"Both sexes","45 - 64 years","Tanzania, United Republic of",79,97
"Both sexes","45 - 64 years","Togo",31,77
"Both sexes","45 - 64 years","Tunisia",36,59
"Both sexes","45 - 64 years","Uganda",84,123
"Both sexes","45 - 64 years","Zambia",197,301
"Both sexes","45 - 64 years","Zimbabwe",525,737
"Both sexes","45 - 64 years","Other Africa",246,362
"Both sexes","45 - 64 years","Afghanistan",43,141
"Both sexes","45 - 64 years","Bahrain",20,27
"Both sexes","45 - 64 years","Bangladesh",198,530
"Both sexes","45 - 64 years","Myanmar",42,66
"Both sexes","45 - 64 years","China",694,1115
"Both sexes","45 - 64 years","United Arab Emirates",1,6
"Both sexes","45 - 64 years","Georgia",146,234
"Both sexes","45 - 64 years","Hong Kong",741,792
"Both sexes","45 - 64 years","India",1500,2349
"Both sexes","45 - 64 years","Indonesia",40,51
"Both sexes","45 - 64 years","Iran, Islamic Republic of",255,338
"Both sexes","45 - 64 years","Iraq",296,411
"Both sexes","45 - 64 years","Israel",58,117
"Both sexes","45 - 64 years","Japan",181,269
"Both sexes","45 - 64 years","Jordan",36,55
"Both sexes","45 - 64 years","Kazakhstan",132,162
"Both sexes","45 - 64 years","Kuwait",33,53
"Both sexes","45 - 64 years","Lao People's Democratic Republic",10,60
"Both sexes","45 - 64 years","Lebanon",50,86
"Both sexes","45 - 64 years","Malaysia",539,795
"Both sexes","45 - 64 years","Mongolia",31,59
"Both sexes","45 - 64 years","Nepal",31,87
"Both sexes","45 - 64 years","Oman",1,1
"Both sexes","45 - 64 years","Pakistan",1094,2079
"Both sexes","45 - 64 years","Philippines",2517,4816
"Both sexes","45 - 64 years","Saudi Arabia",38,97
"Both sexes","45 - 64 years","Singapore",131,152
"Both sexes","45 - 64 years","Korea, Republic of",48,113
"Both sexes","45 - 64 years","Sri Lanka",107,156
"Both sexes","45 - 64 years","Syrian Arab Republic",54,169
"Both sexes","45 - 64 years","Taiwan, Province of China",23,31
"Both sexes","45 - 64 years","Thailand",191,377
"Both sexes","45 - 64 years","Uzbekistan",50,64
"Both sexes","45 - 64 years","Vietnam",198,279
"Both sexes","45 - 64 years","Other Asia",192,255
"Both sexes","45 - 64 years","United States",5827,7541
"Both sexes","45 - 64 years","Argentina",82,132
"Both sexes","45 - 64 years","Brazil",559,1036
"Both sexes","45 - 64 years","Canada",1010,1439
"Both sexes","45 - 64 years","Chile",69,104
"Both sexes","45 - 64 years","Colombia",54,78
"Both sexes","45 - 64 years","Cuba",46,66
"Both sexes","45 - 64 years","Guatemala",13,14
"Both sexes","45 - 64 years","Jamaica",80,78
"Both sexes","45 - 64 years","Mexico",69,131
"Both sexes","45 - 64 years","Peru",56,72
"Both sexes","45 - 64 years","Trinidad and Tobago",69,73
"Both sexes","45 - 64 years","Venezuela",43,78
"Both sexes","45 - 64 years","Other America",209,291
"Both sexes","45 - 64 years","Australia",777,1126
"Both sexes","45 - 64 years","New Zealand",398,599
"Both sexes","65 years and over","Ireland - county of usual residence",357743,414933
"Both sexes","65 years and over","Ireland - county other than county of usual residence",134645,162853
"Both sexes","65 years and over","Northern Ireland",8615,10597
"Both sexes","65 years and over","England and Wales",17344,23277
"Both sexes","65 years and over","Scotland",2341,2791
"Both sexes","65 years and over","Austria",52,75
"Both sexes","65 years and over","Belgium",90,109
"Both sexes","65 years and over","Bulgaria",14,44
"Both sexes","65 years and over","Croatia",11,34
"Both sexes","65 years and over","Cyprus",17,23
"Both sexes","65 years and over","Czech Republic",57,70
"Both sexes","65 years and over","Denmark",56,79
"Both sexes","65 years and over","Estonia",12,21
"Both sexes","65 years and over","Finland",21,33
"Both sexes","65 years and over","France",173,286
"Both sexes","65 years and over","Germany",1017,1287
"Both sexes","65 years and over","Greece",15,31
"Both sexes","65 years and over","Hungary",52,70
"Both sexes","65 years and over","Italy",284,359
"Both sexes","65 years and over","Latvia",97,223
"Both sexes","65 years and over","Lithuania",122,264
"Both sexes","65 years and over","Luxembourg",3,3
"Both sexes","65 years and over","Malta",34,45
"Both sexes","65 years and over","Netherlands",406,561
"Both sexes","65 years and over","Poland",262,657
"Both sexes","65 years and over","Portugal",32,45
"Both sexes","65 years and over","Romania",90,242
"Both sexes","65 years and over","Slovakia",35,53
"Both sexes","65 years and over","Slovenia",4,6
"Both sexes","65 years and over","Spain",116,157
"Both sexes","65 years and over","Sweden",53,73
"Both sexes","65 years and over","Albania",14,16
"Both sexes","65 years and over","Belarus",7,24
"Both sexes","65 years and over","Bosnia and Herzegovina",71,90
"Both sexes","65 years and over","Kosovo",11,25
"Both sexes","65 years and over","Moldova, Republic of",7,37
"Both sexes","65 years and over","Norway",35,36
"Both sexes","65 years and over","Russian Federation",66,134
"Both sexes","65 years and over","Serbia",12,15
"Both sexes","65 years and over","Switzerland",81,127
"Both sexes","65 years and over","Turkey",12,20
"Both sexes","65 years and over","Ukraine",25,51
"Both sexes","65 years and over","Other Europe",21,24
"Both sexes","65 years and over","Algeria",11,12
"Both sexes","65 years and over","Angola",3,4
"Both sexes","65 years and over","Botswana",1,2
"Both sexes","65 years and over","Cameroon",2,6
"Both sexes","65 years and over","Congo",21,31
"Both sexes","65 years and over","Egypt",44,82
"Both sexes","65 years and over","Ethiopia",5,8
"Both sexes","65 years and over","Ghana",8,17
"Both sexes","65 years and over","Cote d'Ivoire",2,2
"Both sexes","65 years and over","Kenya",55,75
"Both sexes","65 years and over","Liberia",0,1
"Both sexes","65 years and over","Libya",3,16
"Both sexes","65 years and over","Malawi",5,8
"Both sexes","65 years and over","Mauritius",23,23
"Both sexes","65 years and over","Morocco",5,18
"Both sexes","65 years and over","Nigeria",57,102
"Both sexes","65 years and over","Sierra Leone",7,14
"Both sexes","65 years and over","Somalia",18,44
"Both sexes","65 years and over","South Africa",327,496
"Both sexes","65 years and over","Sudan",12,18
"Both sexes","65 years and over","Tanzania, United Republic of",18,20
"Both sexes","65 years and over","Togo",1,0
"Both sexes","65 years and over","Tunisia",3,6
"Both sexes","65 years and over","Uganda",9,20
"Both sexes","65 years and over","Zambia",9,18
"Both sexes","65 years and over","Zimbabwe",68,99
"Both sexes","65 years and over","Other Africa",40,60
"Both sexes","65 years and over","Afghanistan",4,18
"Both sexes","65 years and over","Bahrain",1,2
"Both sexes","65 years and over","Bangladesh",8,16
"Both sexes","65 years and over","Myanmar",15,24
"Both sexes","65 years and over","China",93,112
"Both sexes","65 years and over","United Arab Emirates",0,3
"Both sexes","65 years and over","Georgia",7,16
"Both sexes","65 years and over","Hong Kong",67,117
"Both sexes","65 years and over","India",373,479
"Both sexes","65 years and over","Indonesia",20,26
"Both sexes","65 years and over","Iran, Islamic Republic of",52,69
"Both sexes","65 years and over","Iraq",74,113
"Both sexes","65 years and over","Israel",9,9
"Both sexes","65 years and over","Japan",27,29
"Both sexes","65 years and over","Jordan",0,2
"Both sexes","65 years and over","Kazakhstan",4,12
"Both sexes","65 years and over","Kuwait",2,7
"Both sexes","65 years and over","Lao People's Democratic Republic",3,34
"Both sexes","65 years and over","Lebanon",7,14
"Both sexes","65 years and over","Malaysia",70,97
"Both sexes","65 years and over","Mongolia",1,1
"Both sexes","65 years and over","Nepal",3,4
"Both sexes","65 years and over","Oman",0,1
"Both sexes","65 years and over","Pakistan",71,174
"Both sexes","65 years and over","Philippines",56,162
"Both sexes","65 years and over","Saudi Arabia",3,5
"Both sexes","65 years and over","Singapore",17,29
"Both sexes","65 years and over","Korea, Republic of",1,7
"Both sexes","65 years and over","Sri Lanka",37,52
"Both sexes","65 years and over","Syrian Arab Republic",9,26
"Both sexes","65 years and over","Taiwan, Province of China",0,2
"Both sexes","65 years and over","Thailand",9,12
"Both sexes","65 years and over","Uzbekistan",4,5
"Both sexes","65 years and over","Vietnam",67,82
"Both sexes","65 years and over","Other Asia",27,43
"Both sexes","65 years and over","United States",2015,2248
"Both sexes","65 years and over","Argentina",31,40
"Both sexes","65 years and over","Brazil",36,55
"Both sexes","65 years and over","Canada",183,248
"Both sexes","65 years and over","Chile",15,20
"Both sexes","65 years and over","Colombia",6,19
"Both sexes","65 years and over","Cuba",4,8
"Both sexes","65 years and over","Guatemala",2,4
"Both sexes","65 years and over","Jamaica",12,18
"Both sexes","65 years and over","Mexico",7,17
"Both sexes","65 years and over","Peru",5,13
"Both sexes","65 years and over","Trinidad and Tobago",32,44
"Both sexes","65 years and over","Venezuela",2,7
"Both sexes","65 years and over","Other America",48,73
"Both sexes","65 years and over","Australia",163,196
"Both sexes","65 years and over","New Zealand",74,101